claim_id,submitted_at,partner_id,claim_amount_inr,fraud_score,reasons
WC711887,2026-07-22 00:05:00,SP3129,1995.0,0.9796636799547103,"This partner's historical fraud rate is 9.5% over 25 prior claims, well above the 1.3% company average. | Small claim (under Rs 2,000) submitted after the 1 May 2026 policy change, so it was auto-approved without inspection sign-off."
WC711984,2026-07-26 05:40:00,SP3286,1995.0,0.6722404518786568,"Small claim (under Rs 2,000) submitted after the 1 May 2026 policy change, so it was auto-approved without inspection sign-off."
WC711418,2026-07-03 18:13:00,SP3118,977.0,0.6115863635421732,"Small claim (under Rs 2,000) submitted after the 1 May 2026 policy change, so it was auto-approved without inspection sign-off."
WC711658,2026-07-12 03:17:00,SP3160,1995.0,0.5989609769623966,"This partner's historical fraud rate is 17.4% over 39 prior claims, well above the 1.3% company average. | Small claim (under Rs 2,000) submitted after the 1 May 2026 policy change, so it was auto-approved without inspection sign-off. | No supporting photo was attached to this claim."
WC711752,2026-07-16 00:50:00,SP3160,1841.0,0.5544520140722328,"This partner's historical fraud rate is 17.4% over 39 prior claims, well above the 1.3% company average. | Small claim (under Rs 2,000) submitted after the 1 May 2026 policy change, so it was auto-approved without inspection sign-off. | No supporting photo was attached to this claim."
WC711907,2026-07-22 17:59:00,SP3118,1437.0,0.5360680892774176,"Small claim (under Rs 2,000) submitted after the 1 May 2026 policy change, so it was auto-approved without inspection sign-off."
WC711496,2026-07-06 04:57:00,SP3286,1995.0,0.5239778726244932,"Small claim (under Rs 2,000) submitted after the 1 May 2026 policy change, so it was auto-approved without inspection sign-off."
WC712180,2026-08-02 14:19:00,SP3319,1831.0,0.89583209602946,"This partner's historical fraud rate is 9.6% over 14 prior claims, well above the 1.3% company average. | Small claim (under Rs 2,000) submitted after the 1 May 2026 policy change, so it was auto-approved without inspection sign-off. | Partner was onboarded 172 days ago -- validation found the 3-6 month window for newly onboarded authorised service centres carries elevated risk (this is a narrow, specific pattern, not true of new partners generally)."
WC712806,2026-08-29 12:16:00,SP3129,3001.0,0.8200226694287966,"This partner's historical fraud rate is 9.5% over 25 prior claims, well above the 1.3% company average. | Claim amount (Rs 3,001) is 86% of this product's list price (Rs 3,499) -- unusually high relative to the item. | No supporting photo was attached to this claim."
WC712832,2026-08-30 10:31:00,SP3286,1492.0,0.5360680892774176,"Small claim (under Rs 2,000) submitted after the 1 May 2026 policy change, so it was auto-approved without inspection sign-off. | No supporting photo was attached to this claim."
WC712786,2026-08-28 14:21:00,SP3118,1878.0,0.5334335553968351,"Small claim (under Rs 2,000) submitted after the 1 May 2026 policy change, so it was auto-approved without inspection sign-off."
WC712186,2026-08-02 19:27:00,SP3129,1995.0,0.5279781993517004,"This partner's historical fraud rate is 9.5% over 25 prior claims, well above the 1.3% company average. | Small claim (under Rs 2,000) submitted after the 1 May 2026 policy change, so it was auto-approved without inspection sign-off. | No supporting photo was attached to this claim."
WC712329,2026-08-09 06:46:00,SP3232,1933.0,0.5148611381166903,"This partner's historical fraud rate is 12.1% over 40 prior claims, well above the 1.3% company average. | Small claim (under Rs 2,000) submitted after the 1 May 2026 policy change, so it was auto-approved without inspection sign-off. | No supporting photo was attached to this claim."
WC712754,2026-08-27 11:19:00,SP3118,770.0,0.502649789598738,"Small claim (under Rs 2,000) submitted after the 1 May 2026 policy change, so it was auto-approved without inspection sign-off."
WC713140,2026-09-11 15:08:00,SP3118,1593.0,0.5360680892774176,"Small claim (under Rs 2,000) submitted after the 1 May 2026 policy change, so it was auto-approved without inspection sign-off. | Partner was onboarded 100 days ago -- validation found the 3-6 month window for newly onboarded authorised service centres carries elevated risk (this is a narrow, specific pattern, not true of new partners generally). | No supporting photo was attached to this claim."
WC713473,2026-09-25 10:31:00,SP3118,1564.0,0.5360680892774176,"Small claim (under Rs 2,000) submitted after the 1 May 2026 policy change, so it was auto-approved without inspection sign-off. | Partner was onboarded 114 days ago -- validation found the 3-6 month window for newly onboarded authorised service centres carries elevated risk (this is a narrow, specific pattern, not true of new partners generally)."
WC713534,2026-09-28 01:19:00,SP3118,1262.0,0.5360680892774176,"Small claim (under Rs 2,000) submitted after the 1 May 2026 policy change, so it was auto-approved without inspection sign-off. | Partner was onboarded 117 days ago -- validation found the 3-6 month window for newly onboarded authorised service centres carries elevated risk (this is a narrow, specific pattern, not true of new partners generally)."
WC712907,2026-09-02 19:32:00,SP3286,1429.0,0.5194146769414731,"Small claim (under Rs 2,000) submitted after the 1 May 2026 policy change, so it was auto-approved without inspection sign-off. | Partner was onboarded 90 days ago -- validation found the 3-6 month window for newly onboarded authorised service centres carries elevated risk (this is a narrow, specific pattern, not true of new partners generally). | No supporting photo was attached to this claim."
WC713455,2026-09-24 19:26:00,SP3118,1393.0,0.5062052524385517,"Small claim (under Rs 2,000) submitted after the 1 May 2026 policy change, so it was auto-approved without inspection sign-off. | Partner was onboarded 113 days ago -- validation found the 3-6 month window for newly onboarded authorised service centres carries elevated risk (this is a narrow, specific pattern, not true of new partners generally). | No supporting photo was attached to this claim."
WC713191,2026-09-13 10:48:00,SP3232,1907.0,0.4969264145283665,"This partner's historical fraud rate is 12.1% over 40 prior claims, well above the 1.3% company average. | Small claim (under Rs 2,000) submitted after the 1 May 2026 policy change, so it was auto-approved without inspection sign-off."
WC713052,2026-09-08 11:05:00,SP3286,1320.0,0.4905163840310096,"Small claim (under Rs 2,000) submitted after the 1 May 2026 policy change, so it was auto-approved without inspection sign-off. | Partner was onboarded 96 days ago -- validation found the 3-6 month window for newly onboarded authorised service centres carries elevated risk (this is a narrow, specific pattern, not true of new partners generally). | No supporting photo was attached to this claim."
